ENTRADA DA RECLAMAÇÃO;REGIÃO;RAZÃO SOCIAL;ÁREA;MOTIVO DE BAIXA NO BACKOFFICE
 08/08/2016;SUL;FREITAS GRUPO DE COBRANÇAS LTDA - GRUPO FREITAS ;Assuntos Financeiros ;Baixa da CIP - Com resolução total
 08/08/2016;OESTE;CGMP CENTRO DE GESTAO DE MEIOS DE PAGAMENTO LTDA / SEM PARAR ;Serviços Privados ;Decisão - Reclamação Fundamentada Não Atendida
 10/08/2016;OESTE;INSTITUTO PAULISTA SÃO JOSE DE ENSINO SUPERIOR / FACULDADE PAULISTA SÃO JOSÉ ;Serviços Privados;Concluído - Simples Consulta
 10/08/2016;LESTE;IDEAL VEICULOS COMERCIO E INTERMEDIACOES DE VEICULOS EIRELI;Produtos;Decisão - Reclamação Não Fundamentada
 10/08/2016;SUL;OBRAS SOCIAIS E EDUCACIONAIS DE LUZ -OSEL - UNIVERSIDADE SANTO AMARO - UNISA ;Serviços Privados;Baixa da CIP - Com resolução total
 11/08/2016;SUL;TIM S/A;Serviços Privados;Baixa da CIP - Com resolução total
 12/08/2016;OESTE;THE SUMMIT CURSOS DE IDIOMAS LTDA - ME;Serviços Privados;Notificação para defesa e/ou audiência enviada
 12/08/2016;SUL;ACADEMIA K2 SPORTS CLUB - EIRELI -EPP;Serviços Privados;Baixa da CIP - Com resolução total
 12/08/2016;OESTE;ASSOCIACAO UNIFICADA PAULISTA DE ENSINO RENOVADO OBJETIVO-ASSUPERO (UNIP);Serviços Privados;Baixa da CIP - Com resolução total
 12/08/2016;OESTE;SOL LUA LOTERIAS LTDA ME;Serviços Essenciais ;Concluído - Simples Consulta
 12/08/2016;LESTE;ELECTROLUX DO BRASIL S/A ;Assuntos Financeiros;Encerrado - Desistência do Consumidor
 13/08/2016;LESTE;ESTOK COMERCIO E REPRESENTACOES S.A. / TOK STOK;Produtos;Encerrado - Desistência do Consumidor
 14/08/2016;LESTE;TIM S/A;Serviços Privados;Concluído  Simples consulta
 15/08/2016;SUL;ASSOCIACAO UNIFICADA PAULISTA DE ENSINO RENOVADO OBJETIVO-ASSUPERO (UNIP);Serviços Privados;Baixa de CIP -com resolução total
 15/08/2016;OESTE;VIACAO SANTA BRIGIDA LTDA ;Serviços Essenciais ;Concluído  Extra-Procon
17/08/2016;LESTE;ALEGRIA MUNDY BUFFET E EVENTOS S.A.;Serviços Privados;Concluído - Simples Consulta
17/08/2016;LESTE;QUATRO ESTAÇÕES AGENCIA DE VIAGENS E TURISMO EIRELLI ;Serviços Privados;Encerrado - Desistência do Consumidor
17/08/2016;LESTE;UNIVERSIDADE BANDEIRANTES DE SÃO PAULO / ANHANGUERA ;Serviços Privados;Decisão - Reclamação Fundamentada Não Atendida
17/08/2016;LESTE;BRUNA GIONDISOLI ANDRADE BUFFET E REST. ME / PICANHA NA TABUA ;Alimentos;Baixa de CIP  com resolução
18/08/2016;LESTE;LANCHONETE E RESTAURANTE 243 LTDA - ME;Serviços Privados;Enviado para fiscalização 
18/08/2016;OESTE;RAKKU MAGNETICA INDUSTRIA & COMERCIO / RAKKU BRASIL ;Produtos;Decisão - Reclamação Fundamentada Não Atendida
19/08/2016;SUL;VIAÇÃO SANTA BRIGIDA LTDA;Serviços Essenciais ;Encerrado - Desistência do Consumidor
19/08/2016;NORTE;ACADEMIA MFITNESS / SAN DIEGO AMERICAN FITINESS ;Serviços Privados;Decisão - Reclamação Fundamentada Não Atendida
19/08/2016;CENTRO;ENGLISHTOWN DO BRASIL INTERMEDIACOES LTDA;Serviços Privados;Encerrado - Desistência do Consumidor
22/08/2016;NORTE;SAMBAIBA TRANSPORTES URBANOS LTDA. ;Serviços Essenciais ; Enviado para a fiscalização
23/08/2016;LESTE;SAMSUNG ELETRÔNICA DA AMAZÔNIA LTDA / SAMSUNG ;Serviços Privados;Encerrado - Desistência do Consumidor
23/08/2016;OESTE;GAFISA S/A;Habitação; Baixa de CIP  com resolução
23/08/2016;SUL;CNOVA COMÉRCIO ELETRONICO S.A / EXTRA.COM/CASASBAHIA.COM/PONTOFRIO.COM/BARATEIRO;Produtos; Baixa de CIP  com resolução
24/08/2016;SUL;SEB DO BRASIL PRODUTOS DOMESTICOS LTDA;Produtos; Baixa de CIP  com resolução
24/08/2016;CENTRO;KUSTOMBIKE BICICLETAS PERSONALIZADAS COMÉRCIO E SE KUSTOMBIKE BICICLETAS PERSONALIZADOS;Produtos; Baixa de CIP  com resolução
25/08/2016;NORTE;ROGES ALESS VEICULOS LTDA ME / THE BEST VEICULOS ;Assuntos Financeiros ;Baixa da CIP  Improcedência
26/08/2016;OESTE;ESCOLA EDUC. INF. DE PRIMEIRO GRAU CISNE BRANCO ME / COLÉGIO LEMA ;Serviços Privados; Baixa de CIP  com resolução
26/08/2016;SUL;EDITORA CENTRAL DE CONCURSOS LTDA;Serviços Privados; Encerrado por domicílio inconsistente
29/08/2016;LESTE;IMPERIAL TRANSPORTES URBANOS;Serviços Essenciais ; Concluído  Simples consulta
30/08/2016;SUL;BANCO ALFA S.A. ;Assuntos Financeiros;Baixa de CIP - sem resolução
01/09/2016;NORTE;UNIFISA ADMINISTRADORA NACIONAL DE CONSORCIOS LTDA / UNIFISA ;Assuntos Financeiros;Baixa da CIP  Improcedência
02/09/2016;OESTE;WMB COMÉRCIO ELETRÔNICO LTDA / WALMART.COM ;Serviços Privados;Encerrado - Desistência do Consumidor
03/09/2016;SUL;SONY MOBILE COMMUNICATIONS DO BRASIL LTDA / SONY ;Serviços Privados;Encerrado - Desistência do Consumidor
05/09/2016;LESTE;CALÇADOS PEGADA NORDESTE LTDA.;Produtos;Baixa da CIP - Com resolução total
09/09/2016;NORTE;WMB COMÉRCIO ELETRÔNICO LTDA / WALMART.COM ;Produtos; Encerrado por domicílio inconsistente
11/09/2016;SUL;UBER DO BRASIL TECNOLOGIA LTDA / UBER;Serviços Essenciais;Concluído - Simples Consulta
12/09/2016;OESTE;TELEFONICA BRASIL S.A. / VIVO ;Serviços Privados;Baixa de CIP  improcedência
15/09/2016;CENTRO;B2W - COMPANHIA DIGITAL / AMERICANAS / SHOPTIME / SUBMARINO / SOUBARATO ;Produtos;Concluído - Simples Consulta
15/09/2016;OESTE;INSTITUTO FORMAÇÃO PARA EDUCAÇÃO / POSEAD ;Serviços Privados;Concluído - Simples Consulta
16/09/2016;LESTE;AUGURI COMERCIO E SERVIÇOS AUTOMOTIVOS EIRELI;Produtos;Encerrado - Desistência do Consumidor
22/09/2016;SUL;PORTO SEGURO COMPANHIA DE SEGUROS GERAIS / PORTO CIA ;Assuntos Financeiros;Decisão - Reclamação Fundamentada Atendida
23/09/2016;LESTE;CETTAA - CENTRO EDUC.TÉC. E TECNOL. ALVARES DE AZEVEDO LTDA;Serviços Privados;Encerrado - Desistência do Consumidor
23/09/2016;OESTE ;ALLIANZ SEGUROS S/A;Serviços Privados;Baixa de CIP  com resolução
26/09/2016;OESTE;BRUNA DE CARVALHO BENEDITO ME / DEDETIZADORA PAULISTA ;Serviços Privados;Decisão - Reclamação Fundamentada Não Atendida
03/10/2016;LESTE;DANIEL DE SOUZA FALCÃO / ELETRO FACCINI;Produtos;Enviado para a fiscalização/TACS e ações judiciais
05/10/2016;NORTE;CNOVA COMÉRCIO ELETRONICO S.A;Produtos;Baixa da CIP - Com resolução total
05/10/2016;NORTE;INSTITUTO SUMARÉ DE EDUCAÇÃO SUPERIOR - ISES LTDA;Serviços Privados;Concluído - Simples Consulta
06/10/2016;LESTE;COMPANHIA DE SANEAMENTO BÁSICO DO ESTADO DE SAO PA / SABESP ;Serviços Essenciais ;Baixa da CIP  Improcedência
07/10/2016;CENTRO;COMITÊ ORGANIZADOR DOS JOGOS OLIMPICOS RIO 2016 / RIO 2016 ;Serviços Privados;Concluído - Simples Consulta
11/10/2016;OESTE;OPERADORA DE TELEFONIA MOVEL HELLO;Serviços Privados;Encerrado - Desistência do Consumidor
11/10/2016;LESTE;CAIXA ECONOMICA FEDERAL;Assuntos Financeiros;Baixa da CIP - Com resolução total
13/10/2016;LESTE;PREFEITURA DO MUNICÍPIO DE SÃO PAULO;Serviços Essenciais ; Concluído  Extra-Procon
14/10/2016;LESTE;SOC BENEFICENTE DE SENHORAS HOSPITAL SÍRIO-LIBANES;Serviços Privados;Encerrado - Desistência do Consumidor
16/10/2016;LESTE;GLEICE MURAKAMI;Saúde;Baixa da CIP - Com resolução total
17/10/2016;NORTE;SAMSUNG ELETRONICA DA AMAZONIA LTDA;Produtos;Baixa da CIP  improcedência
18/10/2016;NORTE;SOLETROL AQUECEDORES SOLARES DE ÁGUA;Produtos; Encerrado por domicílio inconsistente
19/10/2016;LESTE;VIA VAREJO S.A.  / CASAS BAHIA / PONTO FRIO ;Produtos;Baixa da CIP - Com resolução total
19/10/2016;SUL;SHOP EXTRA COMERCIO DIGITAL LTDA - ME;Produtos;Decisão - Reclamação Fundamentada Não Atendida
22/10/2016;LESTE;TRANS M TRANSPORTES DE CARGAS LTDA EPP ;Serviços Essenciais ;Concluído  Extra-Procon
23/10/2016;NORTE;SONY MOBILE COMMUNICATIONS DO BRASIL LTDA / SONY;Serviços Privados;Encerrado - Desistência do Consumidor
24/10/2016;LESTE;LG ELECTRONICS DO BRASIL LTDA;Produtos;Baixa da CIP - Com resolução total
25/10/2016;LESTE;KALLAS INCORPORAÇÕES E CONSTRUÇÕES S/A;Habitação;Decisão - Reclamação Fundamentada Não Atendida
25/10/2016;OESTE;TNG COMÉRCIO DE ROUPAS LTDA. ;Assuntos Financeiros;Encerrado - Desistência do Consumidor
26/10/2016;SUL;CNOVA COMÉRCIO ELETRONICO S.A / EXTRA.COM/CASASBAHIA.COM/PONTOFRIO.COM/BARATEIRO ;Produtos;Concluído - Simples Consulta
26/10/2016;CENTRO;APABESP;Serviços Privados;Encerrado - Desistência do Consumidor
26/10/2016;CENTRO;CLARO S/A;Serviços Essenciais ;Encerrado - Desistência do Consumidor
27/10/2016;LESTE;CNOVA COMÉRCIO ELETRONICO S.A / EXTRA.COM/CASASBAHIA.COM/PONTOFRIO.COM/BARATEIRO ;Produtos;Encerrado - Desistência do Consumidor
27/10/2016;OESTE;UNIMED FESP;Saúde;Decisão - Reclamação Fundamentada Não Atendida
03/11/2016;LESTE;SÃO PAULO TRANSPORTE S.A. ;Serviços Privados;Concluído - Simples Consulta
04/11/2016;CENTRO;MOTOROLA MOBILITY COMERCIO DE PRODUTOS ELETRONICOS LTDA;Produtos;Encerrado - Desistência do Consumidor
04/11/2016;LESTE;COMPANHIA DE SANEAMENTO BÁSICO DO ESTADO DE SAO PA / SABESP ;Serviços Essenciais ;Baixa de CIP - Sem Resolução 
05/11/2016;SUL;BLUEFIT ACADEMIAS DE GINASTICA E PARTICIPAÇÕES LTDA;Serviços Privados; Baixa de CIP  resolução por mera liberalidade
08/11/2016;SUL;SILVIA HELENA'S FASHION HAIR ;Serviços Privados;Encerrado - Desistência do Consumidor
08/11/2016;NORTE;CNOVA COMÉRCIO ELETRONICO S.A / EXTRA.COM/CASASBAHIA.COM/PONTOFRIO.COM/BARATEIRO ;Produtos;Decisão - Reclamação Fundamentada Atendida
08/11/2016;OESTE;CENTRO ÓTICO WEST PLAZA LTDA. / OTICA MODELO;Serviços Privados;Concluído - Simples Consulta
09/11/2016;LESTE;MCSPLANEJADOS COMÉRCIO DE MÓVEIS PLANEJADOS LTDA EPP ;Produtos;Decisão - Reclamação Fundamentada Não Atendida
09/11/2016;OESTE;PRODATA MOBILITY BRASIL ;Serviços Essenciais;Concluído - Simples Consulta
09/11/2016;OESTE;CLARO S/A;Serviços Privados;Baixa da CIP - Com resolução total
09/11/2016;LESTE;CAR SYSTEM ALARMES LTDA;Assuntos Financeiros;Concluído - Simples Consulta
09/11/2016;-;PREFEITURA MUNICIPAL DE SÃO PAULO;Serviços Essenciais ;Concluído - Extra Procon
11/11/2016;LESTE;BANCO DO BRASIL S.A;Assuntos Financeiros;Encerrado - Desistência do Consumidor
13/11/2016;NORTE;TRADIÇÃO ORGANIZAÇÃO E COBRANÇA LTDA;Serviços Privados;Encerrado - Desistência do Consumidor
14/11/2016;LESTE;MOBLY COMÉRCIO VAREJISTA LTDA;Produtos;Baixa da CIP - Com resolução total
17/11/2016;LESTE;PERNAMBUCANAS FINANCIADORA S.A.;Assuntos Financeiros;Baixa da CIP - Com resolução total
22/11/2016;LESTE;UBER DO BRASIL TECNOLOGIA LTDA / UBER;Serviços Privados; Concluído  Extra-Procon
22/11/2016;LESTE;VRS PRODUCOES - ANA MARIA MARABELI / SALADA NO POTE;Produtos;Não Processada
22/11/2016;LESTE;BANCO ITAU LEASING S/A;Assuntos Financeiros ;Concluído - Simples Consulta
23/11/2016;SUL;BACCARO E AMORIM DESENVOLVIMENTO PESSOAL LTDA / MULHERES HABILITADAS ;Serviços Privados;Encerrado - Desistência do Consumidor
25/11/2016;CENTRO;GFG COMERCIO DIGITAL LTDA - DAFITI;Produtos;Concluído - Simples Consulta
25/11/2016;SUL;FACULDADES METROPOLITANAS UNIDAS ASSOC EDUCAC ;Serviços Privados;Concluído - Extra Procon
26/11/2016;LESTE;ACADEMIA K2 SPORTS CLUB - EIRELI -EPP / K2 SPORTS CLUB ;Serviços Privados;Decisão - Reclamação Fundamentada Não Atendida
26/11/2016;SUL;BIROBIRO.COM.BR VITISHOP ;Produtos;Decisão - Reclamação Fundamentada Não Atendida
27/11/2016;LESTE;TELEFONICA BRASIL S/A / VIVO ;Serviços Essenciais ;Encerrado - Desistência do Consumidor
27/11/2016;SUL;CAIXA ECONOMICA FEDERAL;Assuntos Financeiros; Concluído  Extra-Procon
28/11/2016;LESTE;QBEX COMPUTADORES S/A;Produtos;Baixa de CIP - resolução por meraliberalidade
28/11/2016;LESTE;J. A. CENTRO DE FORMAÇÃO DE CONDUTORES B. LTDA / AUTO ESCOLA ITAMARATY ;Serviços Privados;Decisão - Reclamação Fundamentada Não Atendida
28/11/2016;LESTE;ELETROPAULO  METROPOLITANA ELETRECIDADE DE SÃO PAULO S.A. ;Serviços Essenciais ;Concluído  Extra-Procon
28/11/2016;NORTE;PROMOBOM AUTOPASS S/A;Assuntos Financeiros;Baixa de CIP - Litispendencia
28/11/2016;OESTE;DR CONSULTA CLINICA MEDICA LTDA;Saúde; Concluído  Atendimento Preliminar
28/11/2016;LESTE;COMERCIAL ZENA MOVEIS SOCIEDADE LTDA / MARABRAZ ;Serviços Privados;Baixa de CIP  com resolução
28/11/2016;OESTE;EDITORA TRÊS LTDA;Produtos;Baixa de CIP - Sem Resolução Total 
28/11/2016;LESTE;NATURA COSMÉTICOS;Produtos;Concluído - Atendimento Preliminar
29/11/2016;SUL;F. BRASIL LTDA / FNAC BRASIL;Produtos; Concluído  Extra-Procon
29/11/2016;SUL;DROGARIA SÃO PAULO SA ;Produtos; Concluído  Extra-Procon
29/11/2016;CENTRO;PRINCIPA RESERVAS LTDA - EPP/ COMPRE INGRESSOS.COM ;Serviços Privados;Decisão - Reclamação Fundamentada Não Atendida
29/11/2016;LESTE;ODONTOMAIS;Serviços Privados;Concluído - Simples Consulta
29/11/2016;NORTE;EUROSILICONE BRASIL IMPORTAÇÃO E EXPORTAÇÃO LTDA / EUROSILICONE ;Saúde;Decisão - Reclamação Fundamentada Atendida
29/11/2016;CENTRO;TIM  S/A;Serviços Essenciais ;Baixa de CIP - com resolução total
29/11/2016;SUL;NET SHOP COLCHOES LTDA - ME;Produtos;Decisão - Reclamação Fundamentada Não Atendida
29/11/2016;OESTE;CONDOMINIO CIVIL ELDORADO / SHOPPING ELDORADO ;Serviços Privados;Concluído - Simples Consulta
29/11/2016;OESTE;CARDIF DO BRASIL SEGUROS E GARANTIAS S.A;Serviços Privados;Encerrado - Desistência do Consumidor
29/11/2016;NORTE;ANHANGUERA EDUCACIONAL LTDA / ANHANGUERA ;Serviços Privados;Decisão - Reclamação Fundamentada Atendida
29/11/2016;LESTE;BANCO BRADESCO  S/A;Assuntos Financeiros;Baixa de CIP - com resolução total
29/11/2016;NORTE;RN COMERCIO VAREJISTA S.A;Produtos;Decisão - Reclamação Fundamentada Atendida
29/11/2016;SUL;AMERICAN ELETRÔNICOS ;Produtos;Decisão - Reclamação Fundamentada Não Atendida
29/11/2016;OESTE;CURRICULUM TECNOLOGIA LTDA ;Serviços Privados;Concluído - Simples Consulta
29/11/2016;LESTE;IMOBILIARIA FELIZ CASA NOVA ;Serviços Privados; Concluído  Extra-Procon
29/11/2016;SUL;SAMSUNG ELETRÔNICA DA AMAZÔNIA LTDA;Produtos;Encerrado - Desistência do Consumidor
29/11/2016;SUL;C&A MODAS LTDA;Serviços Privados;Concluído - Extra Procon
30/11/2016;LESTE;BANCO DO BRASIL S.A;Assuntos Financeiros;Encerrado - Desistência do Consumidor
30/11/2016;OESTE;EMPRÉSTIMO PLUS ;Assuntos Financeiros;Encerrado - Desistência do Consumidor
30/11/2016;NORTE;ELETROPAULO  METROPOLITANA ELETRECIDADE DE SÃO PAULO S.A. ;Serviços Essenciais ;Decisão - Reclamação Fundamentada Não Atendida
30/11/2016;OESTE;CNOVA COMÉRCIO ELETRONICO S.A / EXTRA.COM/CASASBAHIA.COM/PONTOFRIO.COM/BARATEIRO ;Produtos; Encerrado por domicílio inconsistente
30/11/2016;NORTE;CAIXA ECONOMICA FEDERAL ;Assuntos Financeiros;Encerrado - Desistência do Consumidor
30/11/2016;SUL;ZURICH ;Serviços Privados;Encerrado - Desistência do Consumidor
30/11/2016;NORTE;MON CHERRY MOTEL LTDA / L'ESSENCE MOTEL ;Serviços Privados;Decisão - Reclamação Fundamentada Atendida
30/11/2016;NORTE;MOTOROLA MOBILITY COMERCIO DE PRODUTOS ELETRONICOS;Produtos;Concluído - Simples Consulta
30/11/2016;SUL;AMERICAN AIRLINES INC;Serviços Essenciais;Decisão - Reclamação Fundamentada Atendida
30/11/2016;LESTE;SONY MOBILE COMMUNICATIONS DO BRASIL LTDA;Produtos;Encerrado - Desistência do Consumidor
30/11/2016;LESTE;CAEDU COMERCIO VAREJISTA DE ARTIGOS DO VESTUARIO L;Assuntos Financeiros;Concluído - Simples Consulta
30/11/2016;SUL;D2M DIGITAL LTDA;Produtos;Decisão - Reclamação Fundamentada Não Atendida
30/11/2016;LESTE;NS2.COM INTERNET S.A. GRUPO NETSHOES (NETSHOES/SHOESTOCK/ZATTINI) ;Produtos;Baixa da CIP - Com resolução total
30/11/2016;SUL;ALLPARK EMPREENDIMENTOS, PARTICIPACOES E SERVICOS AEROGUARULHOS TPS4 ;Serviços Privados;Decisão - Reclamação Fundamentada Atendida
30/11/2016;SUL;CNOVA COMÉRCIO ELETRONICO S.A / EXTRA.COM/CASASBAHIA.COM/PONTOFRIO.COM/BARATEIRO ;Produtos;Decisão - Reclamação Fundamentada Atendida
30/11/2016;-;MUCHILEIRO TURISMO ;Serviços Privados; Encerrado por domicílio inconsistente
30/11/2016;NORTE;BR MOBILE LOCAÇÃO E COMÉRCIO DE EQUIPAMENTOS;Assuntos Financeiros;Encerrado - Desistência do Consumidor
30/11/2016;SUL;PLATINUM ASSESSORIA ;Serviços Privados;Encerrado - Desistência do Consumidor
30/11/2016;LESTE;IPIRANGA PRODUTOS DE PETRÓLEO S/A;Serviços Privados;Concluído  Extra-Procon
30/11/2016;LESTE;ANHANGUERA EDUCACIONAL LTDA;Serviços Privados;Encerrado - Desistência do Consumidor
01/12/2016;NORTE;CLARO S.A. NET ;Assuntos Financeiros;Concluído - Simples Consulta
01/12/2016;LESTE;ADIDAS DO BRASIL LTDA;Serviços Privados;Encerrado - Desistência do Consumidor
01/12/2016;NORTE;CNOVA COMÉRCIO ELETRONICO S.A / EXTRA.COM/CASASBAHIA.COM/PONTOFRIO.COM/BARATEIRO ;Produtos;Encerrado - Desistência do Consumidor
01/12/2016;SUL;TRICAE COMERCIO VAREJISTA LTDA ;Produtos;Encerrado - Desistência do Consumidor
01/12/2016;OESTE;CNOVA COMÉRCIO ELETRONICO S.A / EXTRA.COM/CASASBAHIA.COM/PONTOFRIO.COM/BARATEIRO ;Produtos;Baixa da CIP - Com resolução total
01/12/2016;NORTE;NUNES CONSULTORIA E VENDA DE IMÓVEIS LTDA ;Serviços Privados;Concluído - Extra Procon
01/12/2016;LESTE;IG PUBLICIDADE E CONTEUDO LTDA;Serviços Privados;Encerrado - Desistência do Consumidor
01/12/2016;LESTE;VIA VAREJO S.A. / CASAS BAHIA/PONTO FRIO ;Produtos;Encerrado - Desistência do Consumidor
01/12/2016;SUL;STILLOS FORMATURAS S/C LTDA / STILLOS ;Serviços Privados;Decisão - Reclamação Fundamentada Não Atendida
01/12/2016;NORTE;MICROSOFT INFORMÁTICA LTDA;Produtos;Baixa de CIP - com resolução total
01/12/2016;-;NINJA SOM COMERCIO DE ELETRONICOS LTDA.;Assuntos Financeiros;Concluído - Simples Consulta
02/12/2016;NORTE;SMARTFIT ESCOLA DE GINASTICA E DANÇA S.A.;Serviços Privados;Baixa de CIP - improcedência
02/12/2016;SUL;EURICO IVAN DA SILVA - ME / ELETRÔNICOS ON LINE;Serviços Privados;Encerrado - Desistência do Consumidor
02/12/2016;NORTE;JC DA SILVA INFORMATICA EIRELLI / MR OFERTAS;Serviços Privados;Concluído - Simples Consulta
02/12/2016;LESTE;EDILLANY MARIA DA SILVA - ME;Produtos;Encerrado - Desistência do Consumidor
02/12/2016;NORTE;MESSIAS VALDEVINO DE OLIVEIRA;Serviços Privados;Concluído - Simples Consulta
02/12/2016;SUL;NS2.COM INTERNET S.A. GRUPO NETSHOES (NETSHOES/SHOESTOCK/ZATTINI) ;Produtos;Baixa da CIP - Com resolução total
02/12/2016;SUL;CNOVA COMÉRCIO ELETRONICO S.A / EXTRA.COM/CASASBAHIA.COM/PONTOFRIO.COM/BARATEIRO ;Produtos;Encerrado - Desistência do Consumidor
02/12/2016;SUL;BOUGUE INTELIGENCIA EM SERVICOS DE REFORMA LTDA - 123 REFORMEI ;Serviços Privados;Decisão - Reclamação Fundamentada Não Atendida
02/12/2016;LESTE;IPIRANGA PRODUTOS DE PETRÓLEO S/A;Serviços Privados;Concluído - Simples Consulta
02/12/2016;SUL;BOUGUE INTELIGENCIA EM SERVICOS DE REFORMA LTDA - 123 REFORMEI ;Serviços Privados; Encerrado  Duplicidade
02/12/2016;LESTE;SÃO PAULO TRANSPORTE S.A. / SPTRANS ;Serviços Essenciais ;Concluído - Simples Consulta
02/12/2016;SUL;CNOVA COMÉRCIO ELETRONICO S.A / EXTRA.COM/CASASBAHIA.COM/PONTOFRIO.COM/BARATEIRO ;Produtos;Baixa de CIP - com resolução total
02/12/2016;LESTE;ALI ADIL EPP / AD ELETRONICOS;Produtos;Decisão - Reclamação Fundamentada Não Atendida
02/12/2016;LESTE;B4B COMERCIO DE COSMETICOS E SERVIÇOS S.A / GLAMBOX BRASIL ;Saúde;Encerrado - Desistência do Consumidor
02/12/2016;LESTE;MOVIDA LOCAÇÃO DE VEICULOS LTDA. / MOVIDA RENT A CAR;Serviços Privados; Concluído  Extra-Procon
02/12/2016;LESTE;ADVOCACIA BELLINATI PEREZ;Serviços Privados;Encerrado - Desistência do Consumidor
02/12/2016;LESTE;MERCANTIL DISTRIBUIDORA DE VEICULOS LTDA / MIX MERCANTIL ;Serviços Privados;Encerrado - Desistência do Consumidor
03/12/2016;NORTE;FRANCISCO E BANDIERA LTDA - ME;Serviços Privados;Decisão - Reclamação Fundamentada Não Atendida
03/12/2016;NORTE;TCSF COMERCIO DE CALCADOS EIRELLI / CRAFT SHOES FACTORY ;Serviços Privados;Encerrado - Desistência do Consumidor
03/12/2016;SUL;BANCO B.G.N S.A. / BANCO CETELEM S.A.;Assuntos Financeiros;Decisão - reclamação fundamentada atendida
03/12/2016;SUL;SP BRASIL HOSTEL LTDA / O RILEYS HOSTEL ;Serviços Privados;Baixa de CIP - com resolução total
03/12/2016;CENTRO;BOLOLO COMÉRCIO VAREJISTA DE PRESENTES E ARTIGOS PARA CASA LTDA  / BOLOLO ;Produtos;Baixa de CIP - desistência do consumidor
03/12/2016;LESTE;AVISTA S/A - ADMINISTRADORA DE CARTOES DE CREDITO ;Assuntos Financeiros;Encerrado - Desistência do Consumidor
03/12/2016;LESTE;EBAZAR.COM.BR LTDA / MERCADO LIVRE ;Produtos;Baixa de CIP - com resolução total
04/12/2016;NORTE;PERSONA ASSESSORIA EMPRESARIAL LTDA / EMPREGOS.COM ;Serviços Privados;Decisão - Reclamação Fundamentada Não Atendida
04/12/2016;OESTE;MOISÉS MENDES BORGES / PARANÁ OFERTAS LTDA ;Produtos ;Decisão - Reclamação Fundamentada Não Atendida
04/12/2016;NORTE;AZ CASA MARKET PLACE DE ELETRÔNICOS ;Produtos ;Decisão - Reclamação Fundamentada Não Atendida
04/12/2016;NORTE;CASA GRANDE DESIGN COM. MOVEIS EIRELI / CASA GRANDE DESIGN ;Produtos ;Baixa de CIP - com resolução total
04/12/2016;SUL;CONCRETO CONFIANÇA LTDA ;Serviços Privados ;Decisão - Reclamação Fundamentada Não Atendida
04/12/2016;SUL;BANCO BRADESCO ;Assuntos Financeiros;Encerrado - Desistência do Consumidor
04/12/2016;NORTE;ASSUPERO - ENSINO SUPERIOR S/S LTDA / UNIP - UNIVERSIDADE PAULISTA ;Serviços Privados;Concluído - Simples Consulta
04/12/2016;LESTE;ASSOCIAÇÃO DE BENEFICIÊNCIA E FILANTROPIA SÃO CRISTÓVÃO ;Saúde;Concluído - Simples Consulta
04/12/2016;NORTE;ENJOEI.COM.BR ATIVIDADES DE INTERNET LTDA / ENJOEI.COM.BR ;Produtos ;Encerrado - Desistência do Consumidor
05/12/2016;OESTE;HOSPITAL E PRONTO SOCORRO PORTINARI LTDA;Saúde;Decisão - Reclamação Fundamentada Atendida
05/12/2016;OESTE;NETFLIX ENTRETENIMENTO BRASIL ;Serviços Privados;Concluído - Simples Consulta
05/12/2016;OESTE;EMPRESA BRASILEIRA DE COMERCIALIZAÇÃO DE INGRESSOS (INGRESSO RÁPIDO) ;Serviços Privados;Encerrado - Desistência do Consumidor
05/12/2016;LESTE;CNOVA COMÉRCIO ELETRONICO S.A / EXTRA.COM/CASASBAHIA.COM/PONTOFRIO.COM/BARATEIRO ;Produtos ;Baixa de CIP - com resolução total
05/12/2016;LESTE;RAFAEL PROENÇA MEIRA / INDEED ENGLISH ;Serviços Privados ;Decisão - Reclamação Fundamentada Não Atendida
05/12/2016;NORTE;LKD COMERCIO ELETRÔNICO S.A. / LOJAS KD ;Produtos ;Concluído - Simples Consulta
05/12/2016;NORTE;BLUE GROUP PARTICIPACOES E COMERCIO ELETRONICO LTDA / MARABRAZ LOJA VIRTUAL ;Produtos ;Encerrado - Desistência do Consumidor
05/12/2016;SUL;LÍNGUA AZUL - G2B AGENCIA DE VIAGENS E TURISMO LTDA - ME ;Serviços Privados; Concluído  Atendimento Preliminar
05/12/2016;OESTE;F. BRASIL LTDA / FNAC BRASIL;Serviços Privados;Baixa de CIP  com resolução total
05/12/2016;SUL;TIM S/A;Serviços Privados;Encerrado - Desistência do Consumidor
05/12/2016;LESTE;TENNISBAR COMÉRCIO DE CALÇADOS LTDA / TENNISBAR ;Produtos;Baixa de CIP  com resolução total
05/12/2016;LESTE;BANCO BRADESCO S.A. / TEATRO BRADESCO ;Assuntos Financeiros ;Encerrado - Desistência do Consumidor
05/12/2016;SUL;EDUCAÇÃO NA CONSTRUÇÃO CIVIL - CUPECE LTDA - EPP /ESCOLA CONCRETA ;Serviços Privados;Encerrado - Desistência do Consumidor
05/12/2016;-;BANCO ITAÚ S.A. ;Assuntos Financeiros;Concluído - Simples Consulta
06/12/2016;SUL;JOSE BISPO RODRIGUES ME;Serviços Privados; Concluído  Extra-Procon
06/12/2016;SUL;SAMSUNG ELETRÔNICA DA AMAZÔNIA LTDA / SAMSUNG ;Produtos ;Baixa de CIP  com resolução total
06/12/2016;LESTE;FACULDADES METROPOLITANAS UNIDAS ;Serviços Privados;Encerrado - Desistência do Consumidor
06/12/2016;LESTE;EBAZAR.COM.BR.LTDA /  / MERCADO LIVRE ;Produtos ;Encerrado - Desistência do Consumidor
06/12/2016;LESTE;HEDINÉA ADMINISTRADORA DE CONDOMINIOS ;Habitação;Concluído - Simples Consulta
06/12/2016;SUL;EVENTBIS BRASIL  TECNOLOGIA PARA EVENTOS E TICKETS LTDA ;Serviços Privados; Concluído  Extra-Procon
06/12/2016;SUL;IREP-SOCIEDADE DE ENSINO SUPERIOR MÉDIO E FUND.;Serviços Privados;Encerrado - Desistência do Consumidor
06/12/2016;LESTE;PDG CONSTRUTORA LTDA;Serviços Privados;Encerrado - Desistência do Consumidor
06/12/2016;OESTE;MAXMIX COMERCIAL LTDA / CAMICADO;Produtos;Encerrado - Desistência do Consumidor
06/12/2016;LESTE;ANA GENAI C DE AVILA MICROPIGMENTAÇÃO E ESTETICA M / ESTUDIO DA SOBRANCELHA - CONTINENTAL;Saúde;Baixa de CIP  com resolução total
06/12/2016;NORTE;TEX CORRIER ;Produtos;Concluído - Simples Consulta
06/12/2016;OESTE;LENOVO TECNOLOGIA BRASIL LTDA/LENOVO;Produtos ;Decisão - Reclamação Não Fundamentada
06/12/2016;NORTE;HABIAS COPUS / MJ LANCHES LTDA. ME ;Serviços Privados; Concluído  Extra-Procon
06/12/2016;NORTE;PORTOSEG S.A. CREDITO FINANCIAMENTO E INVESTIMENTO / PORTOSEG ;Assuntos Financeiros;Baixa da CIP - Com resolução total
06/12/2016;LESTE;SONY BRASIL ;Produtos ;Encerrado - Desistência do Consumidor
06/12/2016;CENTRO;GUIA MAIS PUBLICIDADE LTDA ;Serviços Privados;Encerrado - Desistência do Consumidor
06/12/2016;LESTE;BOA VISTA SERVIÇOS S.A;Assuntos Financeiros;Baixa de CIP  com resolução total
06/12/2016;SUL;IVETE DE OLIVEIRA - MODA E ACESSORIOS - OFERTAS MIAMI ;Produtos;Decisão - Reclamação Fundamentada Não Atendida
06/12/2016;NORTE;CNOVA COMÉRCIO ELETRONICO S.A / EXTRA.COM/CASASBAHIA.COM/PONTOFRIO.COM/BARATEIRO ;Produtos;Encerrado - Desistência do Consumidor
07/12/2016;NORTE;POSITIVO TECNOLOGIA / QUANTUM CELULARES;Produtos ;Baixa da CIP - Com resolução total
07/12/2016;LESTE;CNOVA COMÉRCIO ELETRONICO S.A / EXTRA.COM/CASASBAHIA.COM/PONTOFRIO.COM/BARATEIRO ;Serviços Privados;Decisão - reclamação fundamentada atendida
07/12/2016;OESTE;ITA PEÇAS PARA VEÍCULOS COMERCIO E SERVIÇO LTDA;Produtos ;Decisão - Reclamação Fundamentada Não Atendida
07/12/2016;OESTE;COMPANHIA DE ENGENHARIA DE TRAFEGO;Serviços Privados; Concluído  Extra-Procon
07/12/2016;-;SGH BRASIL COMERCIO DE OCULOS LTDA ;Produtos ;Concluído - Simples Consulta
08/12/2016;NORTE;PORTOSEG S.A. CREDITO FINANCIAMENTO E INVESTIMENTO;Assuntos Financeiros;Encerrado - Desistência do Consumidor
08/12/2016;LESTE;NOTREDAME INTERMEDICA SAÚDE S.A.;Saúde;Concluído - Simples Consulta
08/12/2016;OESTE;SPORTSONLINE.COM.BR (SAAB COM. ESPORTES);Produtos ;Decisão - Reclamação Fundamentada Não Atendida
08/12/2016;SUL;ELETROPAULO METROPOLITANA ELETRICIDADE DE SÃO PAULO S.A.;Serviços Essenciais;Baixa de CIP - sem resolução
08/12/2016;LESTE;NS2.COM INTERNET S.A. / GRUPO NETSHOES (NETSHOES/SHOESTOCK/ZATTINI) ;Produtos ;Baixa de CIP  com resolução total
08/12/2016;LESTE;ECCO DO BRASIL INFORMATICA E ELETRONICOS EIRELLI / BALÃO DA INFORMÁTICA;Produtos ;Decisão - Reclamação Fundamentada Não Atendida
08/12/2016;NORTE;ANONIO CARLOS PEREIRA ARAULO / MOVEIS CASTILHO;Produtos ;Decisão - Reclamação Fundamentada Atendida
09/12/2016;OESTE;CARDIF DO BRASIL SEGUROS E GARANTIAS S.A;Serviços Privados;Encerrado - Desistência do Consumidor
09/12/2016;OESTE;MOTOROLA  MOBILITY COMERCIO DE PRODUTOS ELETRONICOS LTDA. ;Produtos;Concluído - Simples Consulta
09/12/2016;OESTE;COMERCIO COSIT EMPRESA DE DISTRIBUIÇÃO EIRELLI / SUPER EXPRESSO;Serviços Privados;Encerrado - Desistência do Consumidor
09/12/2016;LESTE;TELEFONICA BRASIL S.A ;Serviços Essenciais ;Encerrado - Desistência do Consumidor
09/12/2016;NORTE;CETELEM BRASIL S.A.;Assuntos Financeiros ;Concluído - Simples Consulta
10/12/2016;LESTE;S. DE F. DA C. RODRIGUES EIRELLI / PSN ELETRO;Serviços Privados;Encerrado - Desistência do Consumidor
10/12/2016;NORTE;ISCP - SOCIEDADE EDUCACIONAL LTDA;Serviços Privados;Decisão - Reclamação não fundamentada
10/12/2016;LESTE;ROYAL E SUNALLIANCE SEGUROS (BRASIL) S/A;Assuntos Financeiros;Concluído - Atendimento Preliminar
10/12/2016;OESTE;HASSAN ALI MOHSEN SE / JMA ASSISTÊNCIA TÉCNICA ;Serviços Privados ;Decisão - Reclamação Fundamentada Não Atendida
10/12/2016;OESTE;VIDRO BLASS BOX E ESQUADRIAS LTDA;Serviços Privados ;Decisão - Reclamação Fundamentada Não Atendida
11/12/2016;NORTE;ORGANIZACAO MOGIANA DE EDUCACAO E CULTURA SOCIEDAD / UNIVERSIDADE DE MOGI DAS CRUZES ;Serviços Privados;Baixa de CIP - improcedência
11/12/2016;LESTE;FOCO DA MODA CONFECÇÕES LTDA / LOJA FOCO ;Produtos ;Decisão - reclamação não fundamentada
11/12/2016;LESTE;COBRAFIX COBRANCAS EXTRA JUDICIAIS LTDA - ME;Assuntos Financeiros;Encerrado - Desistência do Consumidor
11/12/2016;CENTRO;EMPRESA BRASILEIRA DE COMERCIALIZAÇÃO DE INGRESSOS / INGRESSO RÁPIDO ;Serviços Privados;Baixa da CIP - Com resolução total
12/12/2016;NORTE;JOÃO BATISTA DA SILVA FERREIRA / LOJA TENASA;Produtos ;Decisão - Reclamação Fundamentada Não Atendida
12/12/2016;NORTE;RENVAL ELETRO ELETRONICOS;Produtos ; Concluído  Extra-Procon
12/12/2016;OESTE;FRAN ADESIOS COMÉRCIO DE ADESIVOS DECORATIVOS EIRELLI / FRAN ADESIVOS ;Produtos ;Baixa da CIP - Com resolução total
12/12/2016;LESTE;RADIO E TELEVISÃO BANDEIRANTES S/A/ BAND ;Serviços Privados;Decisão - Reclamação Não Fundamentada
12/12/2016;LESTE;INSTITUTO SUMARÉ DE EDUCAÇÃO SUPERIOR - ISES LTDA / FACULDADE SUMARÉ ;Serviços Privados;Baixa de CIP - com resolução parcial
12/12/2016;NORTE;ZAQUEU DE CAMARGO - ME;Serviços Privados; Encerrado  desistência do consumidor
12/12/2016;SUL;CNOVA COMÉRCIO ELETRONICO S.A/ EXTRA.COM/CASASBAHIA.COM/PONTOFRIO.COM/BARATEIRO ;Produtos ;Baixa de CIP - com resolução total
12/12/2016;LESTE;CNOVA COMÉRCIO ELETRONICO S.A / EXTRA.COM/CASASBAHIA.COM/PONTOFRIO.COM/BARATEIRO ;Produtos ;Decisão - Reclamação Fundamentada Atendida 
12/12/2016;SUL;AUTO POSTO M5 EIRELI/M5 EIRELI ;Serviços Privados ;Decisão - Reclamação Fundamentada Não Atendida
12/12/2016;SUL;WILLIANS DOS SANTOS ROSA ME /W A LAJES E CONCRETO ;Produtos;Baixa de CIP - desistência do consumidor
12/12/2016;LESTE;FRANCIELI CRISTINA BARROS / FRAN MÓVEIS ;Produtos ;Decisão - Reclamação Fundamentada Não Atendida
12/12/2016;LESTE;SAFRA FINANCEIRA;Assuntos Financeiros;Encerrado - Desistência do Consumidor
13/12/2016;NORTE;GASÔMETRO DESIGN LTDA;Serviços Privados ;Encerrado - Desistência do Consumidor
13/12/2016;NORTE;RENNER SA /RENNER;Produtos;Decisão - Reclamação Não Fundamentada
13/12/2016;LESTE;D'PAULA SANTOS IMÓVEIS EMPREENDIMENTOS IMOBILIÁRIOS ;Serviços Privados ; Concluído  Extra-Procon
13/12/2016;NORTE;SAMSUNG ELETRÔNICA DA AMAZÔNIA LTDA;Produtos ;Decisão - Reclamação Fundamentada Atendida
13/12/2016;LESTE;ASSOCIAÇÃO EDUCACIONAL NOVE DE JULHO - UNINOVE;Serviços Privados ;Encerrado - Desistência do Consumidor
13/12/2016;OESTE;GOL LINHAS AÉREAS S/A/ GOL LINHAS AÉREAS INTELIGENTES ;Serviços Privados ;Decisão - Reclamação Fundamentada Não Atendida
13/12/2016;LESTE;KING STAR COLCHÕES LTDA / KING STAR COLCHÕES ;Produtos ;Encerrado - Desistência do Consumidor
13/12/2016;OESTE;CNOVA COMÉRCIO ELETRONICO S.A / EXTRA.COM/CASASBAHIA.COM/PONTOFRIO.COM/BARATEIRO ;Produtos ;Baixa da CIP - Com resolução total
13/12/2016;LESTE;ELSYS EQUIPAMENTOS ELETRONICOS LTDA;Produtos ;Encerrado - Desistência do Consumidor
13/12/2016;OESTE;BHG IMOBILIARIA HOTELARIA E TURISMO S/A;Serviços Privados ;Concluído - Simples Consulta
13/12/2016;SUL;XALINGO S/A INDUSTRIA E COMERCIO;Produtos;Concluído - Atendimento Preliminar
13/12/2016;SUL;ELETROPAULO METROPOLITANA ELETRICIDADE DE SAO PAUL/ AES ELETROPAULO;Serviços Privados ;Encerrado - Desistência do Consumidor
13/12/2016;SUL;ANHANGUERA EDUCACIONAL LTDA / FACULDADE ANHANGUERA ;Serviços Privados ;Decisão - Reclamação Fundamentada Não Atendida
14/12/2016;OESTE;CAMICADO - MAXMIX COMERCIAL LTDA;Serviços Privados ; Encerrado  Duplicidade
14/12/2016;OESTE;COMITÊ ORGANIZADOR DOS JOGOS OLÍMPICOS RIO 2016 / RIO 2016 ;Serviços Privados;Concluído - Simples Consulta
14/12/2016;LESTE;CARTÃO DE CREDITOS CAIXA;Assuntos Financeiros;Encerrado - Desistência do Consumidor
14/12/2016;LESTE;ACADEMIA EQUILIBRIUM BODY & SOUL LTDA ME;Serviços Privados;Concluído - Extra Procon
14/12/2016;LESTE;CDM CURSOS DE IDIOMAS LTDA. / YOU MOVE ;Serviços Privados;Baixa de CIP - com resolução total
14/12/2016;LESTE;BANCO ITAU BMG CONSIGNADOS S/A;Assuntos Financeiros ;Baixa de CIP - com resolução total
14/12/2016;LESTE;C. COSMO DA SILVA COMERCIO DE MOVEIS ME / TEXAS MOVEIS ;Produtos ;Decisão - Reclamação Fundamentada Atendida
14/12/2016;CENTRO;GFG COMERCIO DIGITAL LTDA.;Produtos ; Concluído  Atendimento Preliminar
14/12/2016;LESTE;BEATRIZ JULIANA CERLINI CÂNDIDO / MABI VIDROS;Produtos ;Concluído - Extra Procon
14/12/2016;SUL;B2W - COMPANHIA DIGITAL / AMERICANAS / SHOPTIME / SUBMARINO / SOUBARATO ;Produtos ;Concluído - Atendimento Preliminar
14/12/2016;NORTE;MOTOROLA MOBILITY COMERCIO DE PRODUTOS ELETRONICOS LTDA;Produtos ;Encerrado - Desistência do Consumidor
14/12/2016;SUL;INTERLAGOS COMERCIO DE LIVROS E INFORMATICA LTDA. / EVOLUTIME;Serviços Privados;Encerrado - Desistência do Consumidor
14/12/2016;LESTE;DR CONSULTA CLINICA MEDICA LTDA;Saúde;Baixa de CIP - com resolução total
15/12/2016;SUL;MOBLY COMÉRCIO VAREJISTA LTDA / MOBLY ;Produtos;Baixa de CIP - com resolução total
15/12/2016;SUL;S2G COMÉRCIO ELETRÔNICO S.A.  / DINKFINITY;Alimentos;Concluído - Simples Consulta
15/12/2016;SUL;CLASSE ADMINISTRADORA DE BENEFICIOS LTDA. ;Assuntos Financeiros ;Encerrado - Desistência do Consumidor
15/12/2016;OESTE;CORREIOS - CENTRO DE ENTREGA DE ENCOMENDAS - CEE JAGUARE;Produtos;Decisão - reclamação não fundamentada
15/12/2016;SUL;ALTERNATIVA REFRIGERAÇÃO E AR CONDICIONADO LTDA;Serviços Privados;Encerrado - Desistência do Consumidor
15/12/2016;OESTE;LINHA VIP MÓVEIS & DESIGN;Produtos;Concluído - Simples Consulta
15/12/2016;LESTE;ACBZ IMPORTACAO E COMERCIO LTDA. / ASUS;Produtos;Encerrado - Desistência do Consumidor
15/12/2016;SUL;CNOVA COMÉRCIO ELETRONICO S.A / EXTRA.COM/CASASBAHIA.COM/PONTOFRIO.COM/BARATEIRO ;Produtos;Encerrado - Desistência do Consumidor
15/12/2016;OESTE;ELETROPAULO METROPOLITANA ELETRICIDADE DE SAO PAUL/ AES ELETROPAULO;Serviços Essenciais;Baixa de CIP - desistência do consumidor
15/12/2016;SUL;NS2.COM INTERNET S.A. / GRUPO NETSHOES (NETSHOES/SHOESTOCK/ZATTINI) ;Produtos;Baixa da CIP - Com resolução total
15/12/2016;LESTE;NS2.COM INTERNET S.A. / GRUPO NETSHOES (NETSHOES/SHOESTOCK/ZATTINI) ;Produtos ;Encerrado - Desistência do Consumidor
15/12/2016;OESTE;ROYAL E SUNALLIANCE SEGUROS (BRASIL) S/A;Produtos;Decisão - Reclamação Fundamentada Não Atendida
16/12/2016;SUL;ELETROPAULO METROPOLITANA ELETRICIDADE DE SAO PAUL/ AES ELETROPAULO;Serviços Privados; Encerrado  desistência do consumidor
16/12/2016;OESTE;CHAIL DISTRIBUIDORA DE VEÍCULOS LTDA;Serviços Privados;Decisão - Reclamação Fundamentada Não Atendida
16/12/2016;SUL;WBL GRAFICA E EDITORA / GRAFICA IDENTIDADE VISUAL ;Produtos;Baixa de CIP - com resolução total
16/12/2016;LESTE;SERRALHERIA SAO DIOGO;Serviços Privados ;Decisão - Reclamação Fundamentada Não Atendida
16/12/2016;SUL;EMBRATEL TV SAT TELECOMUNICAÇÕES S.A / CLARO TV ;Serviços Privados; Encerrado por domicilio inconsistente
16/12/2016;LESTE;MAIS ESTUDO OPERACIONAL SERVIÇOS DE INTERMEDIAÇÃO LTDA / NEORA;Serviços Privados; Concluído  Extra-Procon
16/12/2016;SUL;EBAZAR.COM.BR LTDA / MERCADO LIVRE ;Produtos;Encerrado - Desistência do Consumidor
17/12/2016;SUL;COMPANHIA DE SANEAMENTO BÁSICO DO ESTADO DE SAO PA / SABESP ;Assuntos Financeiros;Baixa de CIP - com resolução total
17/12/2016;NORTE;ANHANGUERA EDUCACIONAL LTDA / ANHANGUERA ;Serviços Privados;Baixa de CIP - com resolução total
17/12/2016;SUL;ACBZ IMPORTACAO E COMERCIO LTDA. / ASUS;Produtos ;Baixa de CIP - desistência do consumidor
18/12/2016;SUL;COMERCIAL COSIT EMPRESA DE DISTRIBUIÇÃO EIRELLI - ME / SUPEREXPRESSO;Produtos ;Decisão - reclamação não fundamentada
18/12/2016;LESTE;ACBZ IMPORTACAO E COMERCIO LTDA. / ASUS;Produtos ;Concluído - Atendimento Preliminar
19/12/2016;LESTE;VIAÇÃO COMETA/SA;Serviços Essenciais;Concluído - Simples Consulta
19/12/2016;SUL;TELEFONICA BRASIL S.A / VIVO S.A. ;Serviços Privados;Encerrado - Desistência do Consumidor
19/12/2016;LESTE;TIM S/A;Serviços Privados;Baixa da CIP - Com resolução parcial
19/12/2016;NORTE;COMPANHIA DE SANEAMENTO BÁSICO DO ESTADO DE SAO PA/ SABESP ;Habitação;Decisão - Reclamação Fundamentada Não Atendida
19/12/2016;LESTE;ORTOBOM COLCHÕES LOJA MAGAZINE LUIZA S/A;Produtos ; Concluído  Atendimento Preliminar
19/12/2016;LESTE;MOTOROLA MOBILITY COMERCIO DE PRODUTOS ELETRONICOS LTDA. ;Produtos ;Decisão - Reclamação Fundamentada Atendida
19/12/2016;NORTE;CNOVA COMÉRCIO ELETRONICO S.A / EXTRA.COM/CASASBAHIA.COM/PONTOFRIO.COM/BARATEIRO ;Produtos ;Encerrado - Desistência do Consumidor
19/12/2016;CENTRO;S/A O ESTADO DE S.PAULO /ESTADÃO ;Produtos;Baixa de CIP - com resolução total
19/12/2016;NORTE;WEBFONES COMERCIO DE ARTIGOS DE TELEFONIA S.A. ;Assuntos Financeiros;Concluído - Simples Consulta
19/12/2016;CENTRO;BANCO SANTANDER (BRASIL) CARTOES;Assuntos Financeiros;Baixa de CIP - Sem Resolução 
19/12/2016;LESTE;RESTGUA COMERCIO VAREJISTA DE ALIMENTOS LTDA. / GIRAFFAS;Serviços Privados;Encerrado - Desistência do Consumidor
19/12/2016;OESTE;CNOVA COMÉRCIO ELETRONICO S.A / EXTRA.COM/CASASBAHIA.COM/PONTOFRIO.COM/BARATEIRO ;Produtos;Baixa da CIP - Com resolução total
20/12/2016;LESTE;UBISOFT ENTERTAINMENT LTDA / UBISOFT BRASIL ;Serviços Privados;Baixa da CIP - Com resolução total
20/12/2016;NORTE;BANCO BRADESCO S.A. ;Assuntos Financeiros;Encerrado - Desistência do Consumidor
20/12/2016;CENTRO;TRANSPEN TRANSPORTE COLETIVO E ENCOMENDAS LTDA.;Serviços Essenciais ;Decisão - Reclamação Fundamentada Não Atendida
20/12/2016;LESTE;UBER DO BRASIL TECNOLOGIA LTDA. / UBER ;Serviços Essenciais;Baixa de CIP - Sem Resolução 
20/12/2016;OESTE;LENOVO TECNOLOGIA BRASIL LTDA / LENOVO ;Produtos;Baixa de CIP - com resolução total
20/12/2016;OESTE;QUINTO ANDAR SERVICOS IMOBILIARIOS LTDA;Serviços Privados;Concluído - Simples Consulta
20/12/2016;LESTE;IG PUBLICIDADE E CONTEUDO ;Serviços Privados;Encerrado - Desistência do Consumidor
20/12/2016;LESTE;ASSOCIAÇÃO EDUCACIONAL NOVE DE JULHO - UNINOVE;Serviços Privados; Concluído  Atendimento Preliminar
20/12/2016;LESTE;HBASHOP.COM.BR / ADMINISTRADA POR PEIXE URBANO WEB SERVIÇOS DIGITAIS LTDA ;Produtos ;Encerrado - Desistência do Consumidor
20/12/2016;SUL;WMB COMÉRCIO ELETRÔNICO LTDA / WALMART.COM ;Produtos;Baixa de CIP - com resolução total
20/12/2016;SUL;CNOVA COMÉRCIO ELETRONICO S.A / EXTRA.COM/CASASBAHIA.COM/PONTOFRIO.COM/BARATEIRO ;Produtos ;Concluído  Atendimento Preliminar 
20/12/2016;OESTE;ELETROPAULO METROPOLITANA ELETICIDADE DE SAO PAULO S.A.;Serviços Essenciais ;Baixa de CIP - sem resolução
20/12/2016;LESTE;CNOVA COMÉRCIO ELETRONICO S.A / EXTRA.COM/CASASBAHIA.COM/PONTOFRIO.COM/BARATEIRO ;Serviços Privados;Não Processada
20/12/2016;LESTE;MOVEIS PARELLI LTDA - ME/CASAS PARELLI ;Produtos;Decisão - Reclamação Fundamentada Não Atendida
20/12/2016;SUL;LOCALIZA SEMINOVOS;Serviços Privados;Encerrado - Desistência do Consumidor
20/12/2016;LESTE;GOLDY COMÉRCIO DE ÓCULOS RELÓGIOS E ACESSÓRIOS S.A. / CHILLI BEANS;Produtos ;Encerrado - Desistência do Consumidor
20/12/2016;LESTE;SONY MOBILE COMMUNICATIONS DO BRASIL LTDA. ;Produtos ; Concluído  Atendimento Preliminar
20/12/2016;OESTE;TAILORMADE MEDIA BRASIL EDIÇÃO DE REVISTAS LTDA/TAILORMADE MEDIA BRASIL ;Produtos;Baixa de CIP - com resolução total
21/12/2016;OESTE;CAIXA ECONOMICA FEDERAL;Serviços Essenciais ;Encerrado - Desistência do Consumidor
21/12/2016;LESTE;PEIXE URBANO WEB SERVIÇOS DIGITAIS LTDA / PEIXE URBANO ;Alimentos;Encerrado - Desistência do Consumidor
21/12/2016;SUL;CAIXA ECONOMICA FEDERAL ;Assuntos Financeiros;Encerrado - Desistência do Consumidor
21/12/2016;NORTE;TELEFONICA BRASIL S.A. / VIVO - TELEFÔNICA (GVT);Serviços Privados;Encerrado - Litispendência 
21/12/2016;LESTE;BOM NEGÓCIO ATIVIDADES DE INTERNET LTDA;Serviços Privados; Concluído  Atendimento Preliminar
21/12/2016;LESTE;ELETROPAULO METROPOLITANA ELETICIDADE DE SAO PAULO S.A.;Serviços Essenciais ;Baixa de CIP - com resolução parcial
21/12/2016;SUL;LG ELETRONICS DO BRASIL LTDA;Serviços Privados;Baixa de CIP -com resolução total
21/12/2016;LESTE;EBAZAR.COM.BR LTDA / MERCADO LIVRE ;Produtos ;Encerrado - Desistência do Consumidor
21/12/2016;CENTRO;CNOVA COMÉRCIO ELETRONICO S.A / EXTRA.COM/CASASBAHIA.COM/PONTOFRIO.COM/BARATEIRO ;Serviços Privados;Decisão - Reclamação Fundamentada Atendida
21/12/2016;LESTE;LEGIAO DA BOA VONTADE  - LBV ;Serviços Privados;Encerrado - Desistência do Consumidor
21/12/2016;LESTE;LIQUIGÁS DISTRIBUIDORA S.A. ;Serviços Essenciais; Concluído  Atendimento Preliminar
22/12/2016;NORTE;ENJOEI.COM.BR ATIVIDADES DE INTERNET LTDA;Produtos;Concluído - Atendimento Preliminar
22/12/2016;LESTE;NS2.COM INTERNET S.A. / GRUPO NETSHOES (NETSHOES/SHOESTOCK/ZATTINI) ;Produtos; Concluído  Simples Consulta
22/12/2016;LESTE;CAIXA ECONÔMICA FEDERAL;Assuntos Financeiros; Concluído  Simples Consulta
22/12/2016;LESTE;CNOVA COMÉRCIO ELETRONICO S.A / EXTRA.COM/CASASBAHIA.COM/PONTOFRIO.COM/BARATEIRO ;Produtos ;Decisão - Reclamação Fundamentada Atendida
22/12/2016;LESTE;SHOP EXTRA COMÉRCIO DIGITAL LTDA;Produtos ;Decisão - Reclamação Fundamentada Não Atendida
22/12/2016;SUL;TOPRECEPTORES;Produtos ;Decisão - Reclamação Fundamentada Não Atendida
23/12/2016;SUL;LOVATEC ELETRONICA COMERCIAL LTDA - ME ;Serviços Privados;Concluído - Extra Procon
23/12/2016;SUL;CNOVA COMÉRCIO ELETRONICO S.A / EXTRA.COM/CASASBAHIA.COM/PONTOFRIO.COM/BARATEIRO ;Produtos;Baixa de CIP - sem resolução
23/12/2016;NORTE;F. BRASIL LTDA. / FNAC;Produtos ;Concluído  Extra-Procon 
24/12/2016;OESTE;CAIXA SEGURADORA S.A.;Assuntos Financeiros ;Encerrado - Desistência do Consumidor
24/12/2016;SUL;RPC REDE PONTO CERTO TECNOLOGIA E SERVIÇOS LTDA;Serviços Privados;Baixa de CIP - com resolução total
26/12/2016;LESTE;RPC REDE PONTO CERTO TECNOLOGIA E SERVIÇOS LTDA;Serviços Privados ;Baixa da CIP - Com resolução total
26/12/2016;OESTE;COMITÊ ORGANIZADOR DOS JOGOS OLÍMPICOS RIO 2016 /  RIO 2016 ;Serviços Privados;Baixa da CIP - Com resolução total
26/12/2016;LESTE;CONSTRUTORA TENDA S.A. ;Habitação;Concluído - Atendimento Preliminar
26/12/2016;SUL;FACULDADES METROPOLITANAS UNIDAS ;Serviços Privados;Encerrado - Desistência do Consumidor 
26/12/2016;LESTE;ITALINEA INDUSTRIAL DE MOVEIS LTDA ;Serviços Privados ; Concluído  Simples Consulta
26/12/2016;SUL;RI - HAPPY BRINQUEDOS S/A;Produtos;Encerrado - Desistência do Consumidor
26/12/2016;LESTE;CENTRO DE FORMAÇÃO DE CONDUTORES B.B.E.L.S LTDA / AUTO ESCOLA ATUAL MARAJÓ;Serviços Privados ;Decisão - Reclamação Fundamentada Não Atendida
26/12/2016;OESTE;GARD COMÉRCIO DE ALIMENTOS LTDA.;Serviços Privados ; Enviado para a Fiscalização
26/12/2016;SUL;COMERCIAL COSITI EMPRESA DE DISTRIBUIÇÃO EIRELLI / SUPER EXPRESSO;Produtos;Decisão - Reclamação Fundamentada Não Atendida
26/12/2016;OESTE;COMITÊ ORGANIZADOR DOS JOGOS OLÍMPICOS RIO 2016 / RIO 2016 ;Serviços Privados;Baixa da CIP - Com resolução total
26/12/2016;OESTE;COMITÊ ORGANIZADOR DOS JOGOS OLÍMPICOS RIO 2016 / RIO 2016 ;Serviços Privados;Baixa da CIP - Com resolução total
27/12/2016;SUL;AUTENTICAR COMERCIO DE VEICULOS EIRELE - ME / AUTENTICAR MULTIMARCAS ;Produtos ;Baixa de CIP - sem resolução
27/12/2016;SUL;JOAQUIM DE SOUZA FILHO / ELETRONICOS BARRA;Produtos ; Concluído  Extra-Procon
27/12/2016;NORTE;ITURAN SISTEMA DE MONITORAMENTO LTDA / TELERAN ;Serviços Privados ;Encerrado - Desistência do Consumidor
27/12/2016;LESTE;SEGURITY SISTEM DO BRASIL LTDA;Serviços Privados ;Decisão - Reclamação Fundamentada Não Atendida
27/12/2016;OESTE;YJOI ESCOLA DE IDIOMAS EIRELLI / YAZIGI;Serviços Privados ;Decisão - Reclamação Fundamentada Não Atendida
27/12/2016;LESTE;CLARO S.A. ;Serviços Essenciais ; Concluído  Simples Consulta
27/12/2016;NORTE;MONGERAL AEGON SEGUROS E PREVIDENCIA S.A. / MONGERAL S.A.;Serviços Privados ;Encerrado - Desistência do Consumidor
27/12/2016;NORTE;REMAZA ADMINISTRADORA DE CONSÓRCIO LTDA;Serviços Privados ;Encerrado - Desistência do Consumidor
27/12/2016;NORTE;CREDSYSTEM ADMINISTRADORA DE CARTÕES DE CREDITO LTDA;Assuntos Financeiros;Encerrado - Desistência do Consumidor
27/12/2016;OESTE;CNOVA COMÉRCIO ELETRONICO S.A / EXTRA.COM/CASASBAHIA.COM/PONTOFRIO.COM/BARATEIRO ;Produtos;Concluído - Atendimento Preliminar
27/12/2016;NORTE;GFG COMERCIO DIGITAL LTDA / DAFITI GROUP;Produtos ;Encerrado - Desistência do Consumidor
28/12/2016;NORTE;CLIMAZON INDUSTRIAL LTDA. / MÍDEA DO BRASIL;Produtos ;Baixa de CIP - com resolução total
28/12/2016;LESTE;CRUZEIRO DO SUL EDUCACIONAL;"Serviços Privados 
";Baixa de CIP - improcedencia
28/12/2016;OESTE;DROGARIA SÃO PAULO S.A ;Produtos; Concluído  Simples Consulta
28/12/2016;NORTE;MILLER SIMBERG ANAIA - ME /FESTA 5;Produtos;Decisão - Reclamação Fundamentada Não Atendida
28/12/2016;SUL;HDI SEGUROS S.A ;"Serviços Privados 
";Concluído - Atendimento Preliminar
29/12/2016;SUL;SANCHES E SANCHES ADVOGADOS;Assuntos Financeiros; Concluído  Simples Consulta
29/12/2016;LESTE;MERCANTIL DISTRIBUIDORA DE VEICULOS LTDA;Produtos;Decisão - Reclamação Fundamentada Atendida
29/12/2016;LESTE;ECCO DO BRASIL INFORMATICA E ELETRONICOS EIRELLI ;Produtos ; Concluído  Simples Consulta
29/12/2016;OESTE;ELETROPAULO METROPOLITANA ELETICIDADE DE SAO PAULO S.A.;Serviços Essenciais ; Encerrado - Duplicidade
29/12/2016;NORTE;FREGUESIA DO Ó NATAÇÃO S/A LTDA;"Serviços Privados 
";Encerrado - Desistência do Consumidor
29/12/2016;LESTE;ELETROPAULO METROPOLITANA ELETICIDADE DE SAO PAULO S.A.;Serviços Essenciais ;Baixa de CIP - com resolução total
29/12/2016;SUL;THATA STORE COMERCIO VIRTUAL EIRELLI / ESPORTES.COM;Produtos ;Encerrado - Desistência do Consumidor
30/12/2016;SUL;SONY BRASIL LTDA.;"Serviços Privados 
";Encerrado - Desistência do Consumidor
30/12/2016;LESTE;GUSTAVO HENRIQUE SANTANA / SPETACOLLO MOBILE PLANEJATTI ;Produtos ;Encerrado - Desistência do Consumidor
30/12/2016;NORTE;LOJAS NICKY'S DE ARTIGOS ESPORTIVOS LTDA;Produtos ;Encerrado - Desistência do Consumidor
31/12/2016;SUL;GASSAN COLCHÕES EIRELLI / HG COLCHÕES;Produtos ; Concluído  Atendimento Preliminar
